date,room_number,fenetre_ouverte,temp_ext,nb_personnes,humidite,temp_int
2024-10-18 22:52:46.982386,1,1,10.308998871689477,0,54.88742067367205,15.424177563886797
2024-10-18 23:52:46.982386,8,1,9.408821853021305,5,32.822394950881105,16.048772225876313
2024-10-19 00:52:46.982386,3,0,18.564816153650117,5,38.1072554216378,20.85431753146459
2024-10-19 01:52:46.982386,1,1,13.627892293000656,0,41.42638848361317,14.380285461739529
2024-10-19 02:52:46.982386,4,1,31.290977165283078,6,43.415535145761986,27.158249359679132
2024-10-19 03:52:46.982386,7,0,33.55501286105944,3,56.16443497664282,19.11625080815096
2024-10-19 04:52:46.982386,7,1,14.137234067314173,5,42.69199888027201,21.41440242047372
2024-10-19 05:52:46.982386,7,1,7.745867439236791,8,67.18245775728731,14.76592340575182
2024-10-19 06:52:46.982386,2,1,5.846274904867367,2,78.19125381080728,13.411120090387628
2024-10-19 07:52:46.982386,2,1,20.043553067745243,1,38.77422330161349,21.732581093965955
2024-10-19 08:52:46.982386,3,0,33.67929472625994,4,62.43916039189847,21.584573762589432
2024-10-19 09:52:46.982386,10,1,7.605002655404243,0,41.63406636864467,15.608099982599565
2024-10-19 10:52:46.982386,2,1,5.445746264607154,6,50.53560719716424,16.101686611593433
2024-10-19 11:52:46.982386,7,0,20.224382322296364,2,69.5164684359408,22.82598106077605
2024-10-19 12:52:46.982386,7,0,9.767399550374744,9,66.82429730593799,18.621611725355496
2024-10-19 13:52:46.982386,9,1,19.957330133409638,10,54.12326539406292,26.73515469224894
2024-10-19 14:52:46.982386,5,1,21.071099129496847,5,47.37945149531416,23.574862206136103
2024-10-19 15:52:46.982386,10,1,22.38220425928212,0,53.96050105379672,23.726691215912325
2024-10-19 16:52:46.982386,7,1,26.240565665663713,1,56.644535204649365,22.77418045800752
2024-10-19 17:52:46.982386,10,1,23.52273714882972,0,50.652246980664486,20.978257440945185
2024-10-19 18:52:46.982386,10,0,11.228501993555634,0,44.29787734304277,18.1879435023523
2024-10-19 19:52:46.982386,4,0,27.83510067760787,4,65.18887704644143,21.334282679612812
2024-10-19 20:52:46.982386,7,0,6.751474637996553,7,60.50817165245681,24.705567179855358
2024-10-19 21:52:46.982386,3,0,21.789463624193058,8,38.689329456499166,21.621114452559652
2024-10-19 22:52:46.982386,2,0,12.150957740860457,9,37.61684159914784,23.191010545515077
2024-10-19 23:52:46.982386,7,1,17.16542236367031,1,41.916495134569615,19.99137604081677
2024-10-20 00:52:46.982386,6,1,27.26899183853021,4,60.07987806323909,23.3561050906853
2024-10-20 01:52:46.982386,7,0,15.655101739373798,7,72.536536325555,20.987431909975335
2024-10-20 02:52:46.982386,8,0,34.24444381404956,7,58.80042707071696,24.592838190828576
2024-10-20 03:52:46.982386,7,1,14.944628945199675,1,58.71618275411484,13.490793608677425
2024-10-20 04:52:46.982386,5,0,22.19190926331755,9,70.52743357758672,23.32787945026471
2024-10-20 05:52:46.982386,7,0,7.317189024519578,2,35.559328770975654,20.320062614309524
2024-10-20 06:52:46.982386,2,1,20.911190796261053,9,65.93828916474206,21.821997325260984
2024-10-20 07:52:46.982386,6,1,23.775394170705514,10,37.646006200579706,24.37299500621458
2024-10-20 08:52:46.982386,9,1,29.030215132715977,4,38.167731962858014,27.10322011991957
2024-10-20 09:52:46.982386,8,0,24.816519412533385,2,49.48429025900258,19.362068665579283
2024-10-20 10:52:46.982386,9,1,5.024781294021267,2,34.981121991131054,15.221398869122252
2024-10-20 11:52:46.982386,6,0,22.21813357638404,5,73.79841354980793,21.955719439849545
2024-10-20 12:52:46.982386,2,1,15.5104102430572,8,64.87837713816315,20.243466446911427
2024-10-20 13:52:46.982386,7,0,33.91980088439644,10,40.649716461226035,23.45550127438865
2024-10-20 14:52:46.982386,4,1,15.836267693897844,1,77.06832215270046,19.008999256245048
2024-10-20 15:52:46.982386,10,1,24.477274552976834,0,52.45722115066945,24.102881811429487
2024-10-20 16:52:46.982386,5,0,26.76739168564142,5,41.83768070831428,22.317992098649768
2024-10-20 17:52:46.982386,2,1,27.890022402801424,9,54.24598530628486,29.921066029273995
2024-10-20 18:52:46.982386,8,0,24.235655259149333,1,38.56746070341093,18.5003999942908
2024-10-20 19:52:46.982386,8,1,9.246320976740362,4,74.73979922735444,15.205923958794322
2024-10-20 20:52:46.982386,3,0,10.45545823905382,4,44.23159468029062,23.56487159107859
2024-10-20 21:52:46.982386,3,0,13.996274689241984,3,72.62204117020397,19.895887692979358
2024-10-20 22:52:46.982386,8,1,24.261359965909623,6,51.207573534783684,24.04480376041928
2024-10-20 23:52:46.982386,2,0,14.432741835711713,2,68.2069002852713,20.488515453754403
2024-10-21 00:52:46.982386,4,0,28.103777529500093,6,53.060956618889065,21.542318272367062
2024-10-21 01:52:46.982386,7,0,13.663476869978764,10,58.76185998065567,21.993390939034654
2024-10-21 02:52:46.982386,8,1,23.970575982778925,8,68.99330187915012,26.30831533491605
2024-10-21 03:52:46.982386,2,0,13.296023358927009,6,56.03603938938171,19.842430787834726
2024-10-21 04:52:46.982386,6,1,31.679717884498945,8,33.96051729878327,30.391422535274394
2024-10-21 05:52:46.982386,1,0,16.648017999532247,0,40.99334219985492,20.369580878602335
2024-10-21 06:52:46.982386,7,0,32.22820871901283,1,63.55882949968043,19.222383549289994
2024-10-21 07:52:46.982386,3,1,23.649503258131332,8,72.43764596500515,22.85104805599299
2024-10-21 08:52:46.982386,8,0,24.5673138282733,2,69.05943605520218,19.751652518039283
2024-10-21 09:52:46.982386,5,1,9.33323578526319,8,65.89933025807085,19.37176971556868
2024-10-21 10:52:46.982386,8,1,27.793102633996245,2,35.539176638370826,23.182214903095325
2024-10-21 11:52:46.982386,4,1,9.642778644075115,6,49.91691887424628,16.161341450539364
2024-10-21 12:52:46.982386,1,0,27.742639557939768,0,75.73367195330732,23.025892244554814
2024-10-21 13:52:46.982386,10,1,11.13465743474855,0,42.36946242569708,12.600269717435697
2024-10-21 14:52:46.982386,10,1,19.087807114569923,0,33.68149986637047,20.684345912160957
2024-10-21 15:52:46.982386,2,1,10.364752039760798,10,63.4918492039753,18.47750923776197
2024-10-21 16:52:46.982386,8,0,10.288589498831673,9,78.54166731026993,24.62427960133594
2024-10-21 17:52:46.982386,5,0,25.856137125866407,2,68.89593777795392,20.66029156555064
2024-10-21 18:52:46.982386,7,0,12.859230311303339,1,79.42876521404608,19.909167165372
2024-10-21 19:52:46.982386,3,0,7.291451445272273,8,73.07794638779829,21.757930464935185
2024-10-21 20:52:46.982386,7,0,31.405159637629442,1,53.45485612994561,19.55439266577927
2024-10-21 21:52:46.982386,6,0,17.508849098006937,2,44.555833850043584,21.303276548839488
2024-10-21 22:52:46.982386,4,1,16.551440946233992,3,79.40738105986239,17.577145595094077
2024-10-21 23:52:46.982386,1,1,15.17512273216027,0,49.4318400001412,15.859193603183403
2024-10-22 00:52:46.982386,7,0,10.570671632273672,8,77.02066971904534,21.02316008591041
2024-10-22 01:52:46.982386,5,0,12.224370909449378,9,48.01625121620548,22.86459762139529
2024-10-22 02:52:46.982386,2,0,9.458228605505834,6,72.36644396706575,19.433376347743188
2024-10-22 03:52:46.982386,8,1,19.050516140414345,3,44.970089597675624,20.020785538267507
2024-10-22 04:52:46.982386,1,1,31.12482548814648,0,33.47148008658968,23.106996377450617
2024-10-22 05:52:46.982386,8,0,32.47850808134548,1,35.407530159974456,20.51811947632772
2024-10-22 06:52:46.982386,7,1,10.533485620730385,5,75.45416912499127,16.388753966279687
2024-10-22 07:52:46.982386,3,0,27.701276718851606,6,65.37621602961751,21.948200586315796
2024-10-22 08:52:46.982386,10,1,24.548538464119694,0,51.26913333696223,21.900566510918832
2024-10-22 09:52:46.982386,1,1,8.071974993909922,0,79.60393931280794,12.451668226915345
2024-10-22 10:52:46.982386,8,0,8.204573180842132,3,61.351805500532826,19.953228667424593
2024-10-22 11:52:46.982386,7,1,12.36083541782935,2,50.05403558570461,19.18757507779281
2024-10-22 12:52:46.982386,10,1,7.855999051401122,0,52.37019263646643,13.341754956437688
2024-10-22 13:52:46.982386,6,0,11.927627906860483,6,31.55751275611073,19.260458644724856
2024-10-22 14:52:46.982386,8,0,29.673503369447936,7,48.652411289690804,19.164038618073928
2024-10-22 15:52:46.982386,4,1,25.080484720661303,10,64.520080913197,23.2826088009574
2024-10-22 16:52:46.982386,10,1,18.079346464383487,0,78.239813709817,17.983075012765635
2024-10-22 17:52:46.982386,7,1,28.838432441759785,2,39.18393296414031,25.530628679209155
2024-10-22 18:52:46.982386,10,0,14.894640629558072,0,39.73099025767661,20.11758010083906
2024-10-22 19:52:46.982386,6,1,5.2716305535927335,1,30.691895260865895,13.969034425173195
2024-10-22 20:52:46.982386,10,1,23.463248402225474,0,60.67486040373856,21.410920216222912
2024-10-22 21:52:46.982386,10,1,11.217305850979574,0,51.8219208267058,17.110356990252104
2024-10-22 22:52:46.982386,9,1,7.243043738396348,8,31.420928334629583,14.411567298672647
2024-10-22 23:52:46.982386,1,0,34.79354257569851,0,65.42794277151984,18.51907685932796
2024-10-23 00:52:46.982386,10,0,14.654202533355326,0,61.49508058289972,18.920947971355215
2024-10-23 01:52:46.982386,1,0,24.134929366167214,0,44.410350256980095,21.071770388767252
2024-10-23 02:52:46.982386,10,0,12.382093795146755,0,67.6572309372783,21.273263805775088
2024-10-23 03:52:46.982386,10,0,5.726665375075361,0,60.10494906312346,15.84103764264745
2024-10-23 04:52:46.982386,2,0,13.90404911296951,10,34.80170445039995,21.143871594273893
2024-10-23 05:52:46.982386,6,1,33.01770135867073,6,48.48498245063428,28.41085244608965
2024-10-23 06:52:46.982386,2,0,25.960957477428796,2,62.01908236722005,18.67537422134253
2024-10-23 07:52:46.982386,9,1,32.10831708717434,3,32.79353785630336,26.0130105156258
2024-10-23 08:52:46.982386,8,0,20.693922703501244,9,69.41216363056428,24.9641023400831
2024-10-23 09:52:46.982386,10,1,5.992932829344393,0,53.57991807656549,13.185073947473883
2024-10-23 10:52:46.982386,8,0,16.405137175323517,3,70.18573367919774,21.667979400295735
2024-10-23 11:52:46.982386,6,1,32.65865077348651,3,60.375542502575286,27.555465236592006
2024-10-23 12:52:46.982386,8,1,20.69996069325372,2,54.495136316704745,23.80890355416544
2024-10-23 13:52:46.982386,3,1,24.141366681010286,7,43.815852286392136,22.046100241595077
2024-10-23 14:52:46.982386,2,0,31.051741553506005,6,39.51557767694935,22.380584529883585
2024-10-23 15:52:46.982386,4,1,12.032353777287796,10,38.098995998501195,18.537659012814466
2024-10-23 16:52:46.982386,5,1,34.52830553944073,6,39.28000703362999,25.797961573737872
2024-10-23 17:52:46.982386,8,0,14.669550326956463,6,33.55190761353361,18.66083485264159
2024-10-23 18:52:46.982386,4,1,23.887205256053,6,62.35899223737236,25.338980328324702
2024-10-23 19:52:46.982386,6,1,14.626452345815856,5,62.27205162724338,20.05299650387099
2024-10-23 20:52:46.982386,3,0,8.202546925790697,6,41.36298436468432,24.157094673103757
2024-10-23 21:52:46.982386,3,1,25.3997687897527,10,41.76638554378303,26.414713176337766
2024-10-23 22:52:46.982386,8,1,11.463957122121418,5,50.993266296450145,16.868392890063472
2024-10-23 23:52:46.982386,2,1,11.387557569361304,8,39.19617179036554,19.990054244109444
2024-10-24 00:52:46.982386,8,1,29.363764948881673,6,40.13507277952462,27.445036011028346
2024-10-24 01:52:46.982386,9,1,31.2965176784657,6,49.19344499337057,26.356613748928357
2024-10-24 02:52:46.982386,2,1,32.45892675282677,8,55.95738085018641,30.746811107458917
2024-10-24 03:52:46.982386,6,0,29.65607466419109,2,74.00049211669486,19.252422670395344
2024-10-24 04:52:46.982386,5,0,34.95901120217124,3,50.1814143609994,19.422216624920623
2024-10-24 05:52:46.982386,1,1,31.168608366015647,0,62.41555761968846,26.161096696762034
2024-10-24 06:52:46.982386,9,1,14.370274548520362,2,73.64987466098057,16.43413888734443
2024-10-24 07:52:46.982386,4,1,34.6572869319197,10,65.84594217309595,31.344941972397287
2024-10-24 08:52:46.982386,1,0,8.373300868948444,0,70.47157275356226,22.123378629179737
2024-10-24 09:52:46.982386,10,1,14.28587594391778,0,66.13995565700525,18.040280649246867
2024-10-24 10:52:46.982386,3,1,14.478303022427196,2,50.17445450903449,19.258153629683243
2024-10-24 11:52:46.982386,3,1,24.997221604010637,5,68.68410996357841,25.20129138548757
2024-10-24 12:52:46.982386,7,0,9.384919820088912,1,73.62494789788474,18.58101170251438
2024-10-24 13:52:46.982386,8,1,12.619657671674007,10,72.18380134496346,20.45062208874897
2024-10-24 14:52:46.982386,6,1,18.760055276605257,1,34.06393816396724,19.116817628828798
2024-10-24 15:52:46.982386,1,1,14.256097336431951,0,30.078697681011334,19.364740156356852
2024-10-24 16:52:46.982386,5,0,23.229491135506454,8,31.363144869409393,22.884580563551594
2024-10-24 17:52:46.982386,5,0,30.83005367358154,2,66.19707606041703,19.57273687949098
2024-10-24 18:52:46.982386,7,1,14.77341628141319,8,47.83041715483269,17.658136544425
2024-10-24 19:52:46.982386,7,1,31.327329180501803,1,33.370467599919166,23.830885571625842
2024-10-24 20:52:46.982386,8,1,24.807966980031512,5,73.57112959409389,23.018001805662
2024-10-24 21:52:46.982386,4,1,23.422184156509722,5,69.61973953708384,23.631629751241146
2024-10-24 22:52:46.982386,3,1,32.619966657938306,9,49.60206824827834,28.985997109367414
2024-10-24 23:52:46.982386,6,0,26.68605282641436,9,40.47217488176245,21.546287366297843
2024-10-25 00:52:46.982386,10,0,17.008025199780096,0,47.434988575267944,16.931510691956028
2024-10-25 01:52:46.982386,2,0,8.130845743868663,8,66.9551162951481,23.02484193717977
2024-10-25 02:52:46.982386,4,1,8.241286322723557,3,34.10696328798336,12.471977103137615
2024-10-25 03:52:46.982386,3,0,6.206480131909091,7,60.93759008765831,23.419833541535386
2024-10-25 04:52:46.982386,6,0,19.688416619084684,3,52.977547349423084,20.760577065724707
2024-10-25 05:52:46.982386,5,0,11.382324840303912,8,71.45170067808712,22.026535932973513
2024-10-25 06:52:46.982386,2,1,31.51193098795656,1,36.65224525684014,23.65475463523612
2024-10-25 07:52:46.982386,3,1,7.239135937097718,5,79.57648290383409,15.511822249997849
2024-10-25 08:52:46.982386,8,0,6.311969802702906,4,34.1092355285992,20.28265418172609
2024-10-25 09:52:46.982386,8,0,32.772643343995966,6,41.69043982243729,23.799233455835846
2024-10-25 10:52:46.982386,2,0,30.942262347339618,9,45.40045643461985,22.374635352521064
2024-10-25 11:52:46.982386,6,0,8.952369638775929,8,75.30976424983135,20.847276350293196
2024-10-25 12:52:46.982386,1,0,11.66770517866938,0,76.44937332420065,22.929351771668344
2024-10-25 13:52:46.982386,1,0,16.863881251150843,0,71.87681616188038,20.330386003438303
2024-10-25 14:52:46.982386,1,1,22.596060536778946,0,57.215610660688895,20.76928474765322
2024-10-25 15:52:46.982386,5,0,23.65462949396589,10,50.85231228119413,22.86689399503283
2024-10-25 16:52:46.982386,5,0,21.78724364833848,8,47.053485366251806,20.280885038831578
2024-10-25 17:52:46.982386,1,0,8.584324847994859,0,32.865185526260355,20.147981142722937
2024-10-25 18:52:46.982386,3,0,17.556731752635375,4,37.75287951446937,19.76008880556829
2024-10-25 19:52:46.982386,9,1,7.2095974425104306,1,45.85032552593359,13.326254761074749
2024-10-25 20:52:46.982386,1,1,9.412990795023669,0,51.601160412654295,15.231982233178735
2024-10-25 21:52:46.982386,5,1,24.42070261775376,2,76.6637945096233,26.548618513451476
2024-10-25 22:52:46.982386,5,1,20.882870378520778,4,41.55619263774368,21.724747168832398
2024-10-25 23:52:46.982386,4,1,10.81379382559512,1,54.97814524286224,17.072708537322917
2024-10-26 00:52:46.982386,2,0,19.72527384867268,5,62.15110726095228,22.01263020269058
2024-10-26 01:52:46.982386,8,1,17.132389368173573,8,46.911651086417265,18.54350956898833
2024-10-26 02:52:46.982386,3,0,17.293381716781422,3,43.02890876206075,23.38490144663804
2024-10-26 03:52:46.982386,3,0,17.859223591075274,2,62.136925418315876,19.131073864840285
2024-10-26 04:52:46.982386,7,0,6.57511011707728,10,56.236663053954906,24.11449849412136
2024-10-26 05:52:46.982386,2,0,29.751100883668887,5,50.9770798322906,21.152881543153278
2024-10-26 06:52:46.982386,7,1,34.676799095996515,7,41.94181785250504,32.27874082896582
2024-10-26 07:52:46.982386,9,1,24.12440760241273,7,35.23052030644838,24.058330934748913
2024-10-26 08:52:46.982386,1,0,21.828068497232145,0,74.5111335862724,18.705786049339753
2024-10-26 09:52:46.982386,2,0,7.119499136698433,8,47.748933533545824,20.10917713518804
2024-10-26 10:52:46.982386,2,1,34.05182066361735,2,43.46188533070172,28.09167662886715
2024-10-26 11:52:46.982386,8,1,6.089830382827513,5,59.21769630788602,15.070744239373353
2024-10-26 12:52:46.982386,1,1,25.92642290099625,0,50.80784165513256,22.413806886623536
2024-10-26 13:52:46.982386,10,0,29.28629586421809,0,65.40235240702427,19.799100036379265
2024-10-26 14:52:46.982386,4,0,13.364193285654952,7,79.2939758197517,21.850138985271006
2024-10-26 15:52:46.982386,4,1,18.399654270513228,4,32.98110314472156,19.04805113495578
2024-10-26 16:52:46.982386,9,1,19.332384769968513,3,49.813588278223335,19.55406253991528
2024-10-26 17:52:46.982386,3,1,6.813281823192416,9,36.01681677579058,16.65065196920769
2024-10-26 18:52:46.982386,8,1,29.109560391867383,2,68.78103515359997,26.454041119358628
2024-10-26 19:52:46.982386,9,1,5.994712623518782,10,43.12796359937372,17.801618110518707
2024-10-26 20:52:46.982386,10,0,29.431518484120172,0,47.10772157404452,18.89230103156913
2024-10-26 21:52:46.982386,4,1,10.173282906773373,3,64.99484831398627,16.68983736080491
2024-10-26 22:52:46.982386,2,0,22.198136376339864,2,30.66629045973293,22.66712308568736
2024-10-26 23:52:46.982386,4,1,27.04213607054354,8,78.03153286174259,24.320251130372668
2024-10-27 00:52:46.982386,8,1,23.945149377802203,6,61.15091144117187,26.17699648340783
2024-10-27 01:52:46.982386,3,1,21.62735996638857,9,44.11879374857502,23.53808596592409
2024-10-27 02:52:46.982386,9,0,32.191217447655035,2,55.36166307778679,21.000554784128422
2024-10-27 03:52:46.982386,9,1,10.015955547163784,5,40.40421103694394,16.777256987961675
2024-10-27 04:52:46.982386,3,1,25.310396045539267,2,59.71598893068227,21.20397731207761
2024-10-27 05:52:46.982386,10,1,9.23972364959501,0,32.044077682456916,13.684113899292601
2024-10-27 06:52:46.982386,2,0,13.265044064871278,9,34.86459906589156,22.292338952862366
2024-10-27 07:52:46.982386,6,0,15.25031895550152,10,45.24161518479067,22.384655453492844
2024-10-27 08:52:46.982386,4,1,18.90104345282257,3,42.381669031773214,19.990462529145656
2024-10-27 09:52:46.982386,4,1,14.200031606879818,6,77.47553145883131,18.77573650974677
2024-10-27 10:52:46.982386,3,0,13.470111424879,7,56.97350615984607,22.321043205901198
2024-10-27 11:52:46.982386,9,1,30.074984328921662,4,66.16502381605066,23.976107241289323
2024-10-27 12:52:46.982386,5,0,16.25113103711268,4,71.79673214483617,23.35776131106263
2024-10-27 13:52:46.982386,2,0,18.02521329703785,8,78.82088931367795,23.107864125828907
2024-10-27 14:52:46.982386,3,1,34.225157246282095,5,79.91164260354006,27.297889017809226
2024-10-27 15:52:46.982386,5,0,16.679865946133617,4,71.05750031739896,23.7403235111613
2024-10-27 16:52:46.982386,7,0,32.22079426012532,4,62.67437970486164,19.511671655474256
2024-10-27 17:52:46.982386,3,1,12.998152595811275,9,66.89601544523508,16.61376633909241
2024-10-27 18:52:46.982386,7,0,15.309943162884757,2,50.00116574576379,19.758887753002085
2024-10-27 19:52:46.982386,5,0,23.501321732594516,2,67.43192147477569,22.007410968396176
2024-10-27 20:52:46.982386,5,0,5.176367934327333,3,37.35072800235652,22.46170711295315
2024-10-27 21:52:46.982386,1,0,14.95691835009185,0,65.18321604285214,19.920943943600843
2024-10-27 22:52:46.982386,6,1,8.775786532481762,5,70.79444171582375,13.713144715556483
2024-10-27 23:52:46.982386,8,0,22.91545869237559,2,54.52691225425593,17.927208974609307
2024-10-28 00:52:46.982386,9,0,33.049113214064036,2,30.458102001917286,21.527344439003734
2024-10-28 01:52:46.982386,7,1,28.929993307540897,9,79.69525964997308,27.658866595576846
2024-10-28 02:52:46.982386,1,0,19.09423389782166,0,67.7833693013346,19.89786445342669
2024-10-28 03:52:46.982386,7,1,25.530141704495815,9,78.81329093781966,23.328101096766655
2024-10-28 04:52:46.982386,8,0,18.3190642029293,2,65.66108634362624,18.61224333586728
2024-10-28 05:52:46.982386,5,1,18.58326700597061,10,46.248570710208476,21.900064280572906
2024-10-28 06:52:46.982386,2,1,17.675893922588216,2,30.336600978055486,21.572826273394817
2024-10-28 07:52:46.982386,6,1,7.227030141588596,6,40.36516536441247,16.98189226400294
2024-10-28 08:52:46.982386,7,0,7.362980355503793,2,73.77217197337136,19.21160507484621
2024-10-28 09:52:46.982386,2,1,5.249880708037551,4,47.83971049060145,13.201050007130497
2024-10-28 10:52:46.982386,6,1,22.0153688344731,3,35.74630950217987,20.18189449128204
2024-10-28 11:52:46.982386,9,1,33.59092924744796,3,38.916462606136975,27.90324441822136
2024-10-28 12:52:46.982386,4,0,16.541010567994448,9,38.945867623329995,21.766840846830867
2024-10-28 13:52:46.982386,4,1,21.2725575161343,9,63.21580408922054,23.572882917221275
2024-10-28 14:52:46.982386,10,0,10.787401336906637,0,43.140933635379994,19.99584617901538
2024-10-28 15:52:46.982386,6,0,27.805206891639436,6,39.233472233401464,22.602607017074025
2024-10-28 16:52:46.982386,8,1,31.598915764930446,10,36.054885789211525,27.411652505170377
2024-10-28 17:52:46.982386,8,1,22.752078155134253,8,68.960319477451,22.309294548581974
2024-10-28 18:52:46.982386,1,0,24.048654698643087,0,78.8023208952435,21.188586614775012
2024-10-28 19:52:46.982386,2,1,22.07096986539217,1,51.50433380015265,21.34981365320416
2024-10-28 20:52:46.982386,9,1,27.37691035661272,7,44.35492591515147,25.67320059392436
2024-10-28 21:52:46.982386,3,1,17.77758446595626,10,50.22484582592634,21.87343081987784
2024-10-28 22:52:46.982386,8,1,14.557759220927514,4,78.20348855390978,19.397476580638497
2024-10-28 23:52:46.982386,3,0,34.78405856012134,9,41.11463082046278,20.86059310344352
2024-10-29 00:52:46.982386,8,1,10.764612171743238,9,62.55432360874859,17.534465892447127
2024-10-29 01:52:46.982386,4,1,15.716502932462777,7,57.03518497196205,18.074279031371812
2024-10-29 02:52:46.982386,10,0,12.06148300583489,0,68.30875682736408,18.325802919800307
2024-10-29 03:52:46.982386,6,1,26.595028431995168,10,32.39859153683093,26.39294101877271
2024-10-29 04:52:46.982386,6,0,11.599393541591374,10,36.46775557843443,20.795648847037835
2024-10-29 05:52:46.982386,1,0,34.75222514372922,0,50.412929859101695,21.976068508922847
2024-10-29 06:52:46.982386,8,0,26.644040816736236,6,55.90447606455869,26.403045700616353
2024-10-29 07:52:46.982386,6,1,28.162032323976593,5,66.48200852927646,27.45955834381399
2024-10-29 08:52:46.982386,8,1,20.628032672390134,1,38.517478915543286,20.875340466297228
2024-10-29 09:52:46.982386,7,0,8.161747009714748,3,63.9392013336812,20.45403818194273
2024-10-29 10:52:46.982386,7,1,13.143937630025357,3,49.40990303783033,17.546665112065487
2024-10-29 11:52:46.982386,6,1,28.24063478498889,1,30.774560771154448,23.964587648047225
2024-10-29 12:52:46.982386,3,0,20.193397996791454,1,39.182553374919806,19.54027696311327
2024-10-29 13:52:46.982386,10,1,7.938134712077932,0,48.96079996367584,13.82891413241252
2024-10-29 14:52:46.982386,5,0,5.598831763751372,3,62.027879061004434,21.60635584150149
2024-10-29 15:52:46.982386,6,0,7.79502807821673,4,38.174096518955366,23.61002379802182
2024-10-29 16:52:46.982386,1,0,29.473744489834914,0,65.9554906481305,19.373172218459715
2024-10-29 17:52:46.982386,8,0,34.06427049644823,4,51.09118948557065,23.07790697468552
2024-10-29 18:52:46.982386,4,0,24.42613365972957,7,54.90025767133237,21.188387931752157
2024-10-29 19:52:46.982386,8,1,33.403609692913406,2,43.02411555289959,27.037158942469876
2024-10-29 20:52:46.982386,4,1,20.662554573755685,6,65.30517871928524,22.67810908594546
2024-10-29 21:52:46.982386,2,0,19.456732753445756,5,68.49506232792393,24.467721356352445
2024-10-29 22:52:46.982386,3,1,7.557341944043215,10,54.04625700698654,13.007631233528992
2024-10-29 23:52:46.982386,7,0,23.891928616313145,7,36.82084879036741,19.621820365178305
2024-10-30 00:52:46.982386,2,1,31.858274954543706,7,57.655412627494684,29.878469789225257
2024-10-30 01:52:46.982386,10,1,21.575985778649624,0,78.29183226065726,22.04593462326477
2024-10-30 02:52:46.982386,4,1,5.845850425401526,9,44.71716049867213,16.29444335748522
2024-10-30 03:52:46.982386,7,0,14.890072105667107,9,66.06810858318737,23.909423486197426
2024-10-30 04:52:46.982386,6,0,28.874043039866798,8,65.96248929345393,21.631434890431777
2024-10-30 05:52:46.982386,1,0,30.942245597546204,0,45.05882661401915,18.79725443873539
2024-10-30 06:52:46.982386,8,0,9.461754664335242,9,48.579913868519995,23.40085993981885
2024-10-30 07:52:46.982386,8,1,18.68139722926994,10,50.76012606231209,22.207147752391656
2024-10-30 08:52:46.982386,1,0,32.23481378502764,0,31.90687772224113,20.19084662779786
2024-10-30 09:52:46.982386,7,1,12.535837046032867,8,66.35339168643878,18.705240294500285
2024-10-30 10:52:46.982386,1,0,8.51497893475164,0,52.79159912759866,17.366995565995794
2024-10-30 11:52:46.982386,9,0,7.315512288592715,4,75.44323991429059,21.46357296724474
2024-10-30 12:52:46.982386,1,0,16.23507168645233,0,67.7643457186505,17.839544623158023
2024-10-30 13:52:46.982386,5,0,28.764663114059672,9,37.85980376363073,21.73480851297523
2024-10-30 14:52:46.982386,8,1,14.072541192020878,10,76.65618659301377,18.133951427627878
2024-10-30 15:52:46.982386,8,1,13.793706532494873,3,60.500316886491476,16.480239892862325
2024-10-30 16:52:46.982386,2,1,12.047634267629597,1,66.0546938622011,14.514085523840716
2024-10-30 17:52:46.982386,10,0,7.698881645146718,0,32.728174626620586,19.905475206950005
2024-10-30 18:52:46.982386,4,0,22.35218049572617,3,42.166035599260155,19.978707794779925
2024-10-30 19:52:46.982386,8,1,11.653923666900653,8,42.11572296892808,17.72562096250225
2024-10-30 20:52:46.982386,5,0,30.021222603530006,2,75.26821242032406,19.23323880012979
2024-10-30 21:52:46.982386,7,0,21.912505803913337,8,45.64250003683779,22.31211380272636
2024-10-30 22:52:46.982386,3,0,30.898473664347964,3,41.92016090720999,21.389162658184514
2024-10-30 23:52:46.982386,3,0,30.985905842986828,2,57.410556773464236,20.66647594598527
2024-10-31 00:52:46.982386,7,0,7.402493078171911,10,46.571920214542516,22.082963649322956
2024-10-31 01:52:46.982386,9,1,13.46865945954389,5,41.16089605313689,16.674228181516135
2024-10-31 02:52:46.982386,7,0,25.27023676491787,1,62.122583304932306,18.4732498297667
2024-10-31 03:52:46.982386,5,0,15.263778099302336,3,76.1902008708322,21.91477458735175
2024-10-31 04:52:46.982386,3,1,16.180269606998046,7,74.0555819552485,19.539648174364164
2024-10-31 05:52:46.982386,1,1,19.58977518590062,0,38.42448774549233,18.453943557796467
2024-10-31 06:52:46.982386,9,1,24.779015327980257,5,32.79683152067508,23.028496500850963
2024-10-31 07:52:46.982386,2,0,26.68609263653068,1,68.65485429680109,22.844327745355393
2024-10-31 08:52:46.982386,1,1,18.480460864270366,0,77.54814168790372,19.10927821991025
2024-10-31 09:52:46.982386,3,0,20.169758022398298,8,77.40589033439781,21.07404732990597
2024-10-31 10:52:46.982386,4,0,25.113982191428793,3,31.845824366442926,19.215058613502126
2024-10-31 11:52:46.982386,4,0,29.82900833836698,2,41.26409273333694,19.511813453625827
2024-10-31 12:52:46.982386,1,0,21.17691465491727,0,45.396690713098096,23.374359002402496
2024-10-31 13:52:46.982386,4,1,10.693875108697899,7,46.0907838626462,16.34383525729739
2024-10-31 14:52:46.982386,7,1,32.434319283884236,10,62.65784189024024,28.33874159318255
2024-10-31 15:52:46.982386,5,1,23.614559662116893,8,36.55988714492985,24.57917351242997
2024-10-31 16:52:46.982386,7,0,14.310001219416145,7,61.702968740746336,21.223174831183744
2024-10-31 17:52:46.982386,2,1,20.27004201849707,10,56.250847404713326,24.496867000128365
2024-10-31 18:52:46.982386,2,1,16.95746049482949,3,75.18195521793305,20.64096886443937
2024-10-31 19:52:46.982386,7,1,29.845386346500995,6,63.3421071714459,25.73529781238625
2024-10-31 20:52:46.982386,3,0,33.09783127825356,1,61.19212402800078,21.778191372040588
2024-10-31 21:52:46.982386,3,0,9.559013612285867,3,62.324924402967646,19.994278033933703
2024-10-31 22:52:46.982386,10,0,16.630784870458072,0,66.13242500304136,17.980059748413556
2024-10-31 23:52:46.982386,10,0,30.915398724547728,0,43.260734499348885,19.46889466209364
2024-11-01 00:52:46.982386,7,0,17.375402595737725,9,40.65016140164348,23.17347130523276
2024-11-01 01:52:46.982386,9,1,8.153021773430282,5,65.14520466901965,14.450125420399848
2024-11-01 02:52:46.982386,2,1,26.438948606221498,1,41.46296924094254,23.451430567869792
2024-11-01 03:52:46.982386,2,0,10.617283876565988,5,79.87593309895902,20.43067612432769
2024-11-01 04:52:46.982386,8,0,23.427578162889173,8,50.2851187225763,21.597872357288768
2024-11-01 05:52:46.982386,2,0,15.933463062530262,10,60.732291825986294,22.449310976366633
2024-11-01 06:52:46.982386,3,1,21.31774200391834,5,69.625475825047,22.0856022587332
2024-11-01 07:52:46.982386,5,1,32.63741350756953,1,76.79189013337364,27.429154184109677
2024-11-01 08:52:46.982386,3,1,21.35393143209302,7,31.688051118109545,20.295414535852927
2024-11-01 09:52:46.982386,3,0,33.69768208301045,4,49.22332493567849,17.121330667755615
2024-11-01 10:52:46.982386,9,0,5.382844170236691,7,63.26458026796257,23.754306789241756
2024-11-01 11:52:46.982386,10,0,32.30528152006052,0,73.46077601080128,22.705671122096657
2024-11-01 12:52:46.982386,6,0,13.644721628369087,4,40.514866975220265,21.031356747515478
2024-11-01 13:52:46.982386,10,1,33.10228131590827,0,72.52326475101802,26.35456277763933
2024-11-01 14:52:46.982386,2,1,34.28272573322383,4,49.30894175666052,26.52727350157053
2024-11-01 15:52:46.982386,1,0,16.383883316130827,0,72.06298617987153,19.83232217381308
2024-11-01 16:52:46.982386,7,0,17.8448973549948,7,32.3881505578534,22.791432972977805
2024-11-01 17:52:46.982386,5,1,33.75252785238932,5,30.418810030915388,27.177067653776234
2024-11-01 18:52:46.982386,8,0,24.41522771137431,10,44.79455506694222,19.862489641616353
2024-11-01 19:52:46.982386,7,0,31.937021051704086,1,41.35085219719102,17.315828179985004
2024-11-01 20:52:46.982386,4,0,14.32532748324148,3,66.44971286235625,22.09908871039282
2024-11-01 21:52:46.982386,2,0,6.6671306618203,7,43.615840382905134,20.36514442785123
2024-11-01 22:52:46.982386,2,1,28.07383879866607,4,70.6123585473864,24.685445586088246
2024-11-01 23:52:46.982386,6,0,20.42579029365665,5,57.59834601400769,22.215020142524132
2024-11-02 00:52:46.982386,1,0,28.924241925101132,0,66.06632303254868,19.31961211185419
2024-11-02 01:52:46.982386,10,1,28.17617428028833,0,34.4508142211169,25.14964436689555
2024-11-02 02:52:46.982386,4,0,26.89834732627152,9,70.80736632357431,25.067787976992232
2024-11-02 03:52:46.982386,5,1,14.90523997139158,5,44.323195521611275,17.688794748663295
2024-11-02 04:52:46.982386,6,1,11.04601090913956,10,50.169214996301925,18.648908183904144
2024-11-02 05:52:46.982386,2,0,10.998530829686873,1,79.70842530844965,21.046450877539353
2024-11-02 06:52:46.982386,3,1,29.205696976792353,9,38.469419580635304,28.340873395321033
2024-11-02 07:52:46.982386,5,1,20.71520814687056,6,39.20187674174011,23.323735845294102
2024-11-02 08:52:46.982386,1,1,34.71484594458421,0,43.54919665384646,28.599829860205915
2024-11-02 09:52:46.982386,4,0,11.435756958398233,6,63.718511894240436,20.215324206217666
2024-11-02 10:52:46.982386,9,0,23.463254773910098,8,48.53009778539355,23.65672733518566
2024-11-02 11:52:46.982386,6,0,5.560758426404564,5,56.32451829345191,19.672304228422135
2024-11-02 12:52:46.982386,3,0,10.07660980265682,5,75.99262497269828,21.734217632971664
2024-11-02 13:52:46.982386,9,0,26.780481825355597,8,70.87064375827816,24.515183301873293
2024-11-02 14:52:46.982386,5,1,30.779926053809085,1,71.15237763596734,24.537144673356202
2024-11-02 15:52:46.982386,4,0,10.174771605861867,1,36.383386629794785,21.166163417200263
2024-11-02 16:52:46.982386,6,1,9.7732178483934,6,48.09418295727203,17.448825989202966
2024-11-02 17:52:46.982386,6,0,32.369909472703824,4,56.11097075197937,20.024809358126824
2024-11-02 18:52:46.982386,2,1,6.611762468472328,9,44.37681373805541,16.47871632046714
2024-11-02 19:52:46.982386,9,1,13.49341293847716,6,37.703241100715296,20.078604851260717
2024-11-02 20:52:46.982386,2,1,14.241752875256566,1,78.41176346437973,19.96529678456853
2024-11-02 21:52:46.982386,4,0,33.90708028522644,4,34.1178421578219,21.304697589801865
2024-11-02 22:52:46.982386,8,0,24.760843782207196,2,37.96962312175097,22.177913039875442
2024-11-02 23:52:46.982386,3,1,5.828209310901044,10,35.598757398948685,13.856576181183861
2024-11-03 00:52:46.982386,4,0,17.387467483612266,5,75.50015318606532,21.57969595351533
2024-11-03 01:52:46.982386,8,0,17.859479007755727,2,65.26214949781141,23.360855599264873
2024-11-03 02:52:46.982386,9,0,24.432214201606897,6,76.02879067391682,19.482788039285865
2024-11-03 03:52:46.982386,5,1,28.282250251113553,3,52.079302762140685,24.121754422084635
2024-11-03 04:52:46.982386,6,0,10.570234738130509,8,75.94175007579238,21.76168397069853
2024-11-03 05:52:46.982386,2,0,17.760723033877497,10,33.27758168857653,26.041459700017416
2024-11-03 06:52:46.982386,2,1,13.937674252625207,1,35.68922649800925,19.79318798451934
2024-11-03 07:52:46.982386,4,1,22.819737098134713,2,64.73884574119994,22.1201666740572
2024-11-03 08:52:46.982386,3,0,26.805465628456567,3,37.84864882327517,20.20425917549785
2024-11-03 09:52:46.982386,7,0,17.206977173860643,6,33.96543974445886,21.301404557024334
2024-11-03 10:52:46.982386,10,1,26.868897115881875,0,34.18939375179299,21.357482768417583
2024-11-03 11:52:46.982386,1,1,17.359561277847803,0,62.44032965435408,17.086985753422482
2024-11-03 12:52:46.982386,4,0,26.465198432824025,7,50.45118158091559,23.132186175135868
2024-11-03 13:52:46.982386,5,1,7.128077324457576,10,71.49063012419404,15.12951135714454
2024-11-03 14:52:46.982386,8,1,10.931718911655336,6,54.61968145817801,17.86615034625431
2024-11-03 15:52:46.982386,1,0,19.788543891634994,0,36.82064560798114,20.589571247327182
2024-11-03 16:52:46.982386,6,1,22.676510681823814,5,65.4721445171985,24.518722137682012
2024-11-03 17:52:46.982386,1,1,21.508256965434196,0,54.241631355574306,20.28417850021179
2024-11-03 18:52:46.982386,10,0,17.04746144192456,0,73.15455667462444,18.395700636436487
2024-11-03 19:52:46.982386,8,1,31.747891075304516,5,71.27161084262067,28.331945774134798
2024-11-03 20:52:46.982386,3,1,7.714516728131867,10,39.1885240290039,19.81850872480709
2024-11-03 21:52:46.982386,9,1,25.684414541351487,2,73.50586414262109,23.25832491706596
2024-11-03 22:52:46.982386,6,1,24.8196445238017,7,46.83195504995401,23.097772511377187
2024-11-03 23:52:46.982386,2,1,11.402702823860977,4,62.52908684578825,13.556415104043953
2024-11-04 00:52:46.982386,7,1,26.394363324225264,10,59.91414221527938,26.10185852109156
2024-11-04 01:52:46.982386,8,1,24.764051532112042,1,30.98501674509922,23.196253603165008
2024-11-04 02:52:46.982386,2,0,11.98004853038967,3,79.11625708399296,19.678182723683562
2024-11-04 03:52:46.982386,8,0,8.302830038314097,7,69.20537120874177,24.446860411277058
2024-11-04 04:52:46.982386,2,0,19.29769582961662,9,71.03060739784274,21.604026372209365
2024-11-04 05:52:46.982386,10,0,29.820990033940262,0,50.788164159963245,19.785842615352948
2024-11-04 06:52:46.982386,8,1,5.748363112567379,4,78.29721551526822,12.830740649389458
2024-11-04 07:52:46.982386,5,1,30.026945930346248,3,62.23501316685681,24.422068207154833
2024-11-04 08:52:46.982386,7,0,25.185769526210343,6,62.46098438304213,21.851439243921167
2024-11-04 09:52:46.982386,5,1,6.203154201176275,9,49.31343653932478,15.434678806283443
2024-11-04 10:52:46.982386,2,1,14.607371721891528,1,60.044085230657934,15.074028050795048
2024-11-04 11:52:46.982386,3,1,9.707370636836536,4,40.304407293953396,17.483146092643842
2024-11-04 12:52:46.982386,4,0,30.278923933253527,5,46.81174892798549,22.205577075360054
2024-11-04 13:52:46.982386,2,0,7.848321410139416,5,71.22436217957274,19.445574854514867
2024-11-04 14:52:46.982386,7,0,20.338983216259507,5,76.91010366593959,19.008740835772723
2024-11-04 15:52:46.982386,4,1,13.51767851230426,1,67.04487405688425,15.099474397391141
2024-11-04 16:52:46.982386,9,1,12.778726414797097,10,38.30952505336366,19.29638788864961
2024-11-04 17:52:46.982386,8,0,5.483751485409121,1,55.86884135256877,21.95364015477964
2024-11-04 18:52:46.982386,10,0,26.739724680453588,0,63.448652529626436,18.681952570207738
2024-11-04 19:52:46.982386,7,0,26.85315079011932,2,67.43253365164844,19.528075384035372
2024-11-04 20:52:46.982386,9,0,14.119850101920893,7,59.67412519824049,20.265021104148616
2024-11-04 21:52:46.982386,3,0,8.843391149811637,3,62.28167878560966,17.979471912042644
2024-11-04 22:52:46.982386,7,1,11.711342492988397,8,51.979238417301445,17.771761078309638
2024-11-04 23:52:46.982386,1,0,25.73354233579742,0,59.54008469850922,19.23984750003876
2024-11-05 00:52:46.982386,8,0,12.686352963083893,9,37.72255855407157,21.63487234904925
2024-11-05 01:52:46.982386,3,0,33.730569835321006,9,60.089410416501835,24.26546794838983
2024-11-05 02:52:46.982386,10,0,25.594790777244572,0,31.38582327592045,21.421340929578662
2024-11-05 03:52:46.982386,4,0,18.66169372315732,9,73.17066851464966,23.368980075414736
2024-11-05 04:52:46.982386,7,0,16.279235875990977,6,43.082787413901045,19.798071270860405
2024-11-05 05:52:46.982386,4,1,8.057109333831852,2,55.48030755403635,12.875462985935476
2024-11-05 06:52:46.982386,4,0,24.393832016355,3,61.319657235761824,22.22985007861159
2024-11-05 07:52:46.982386,3,1,12.670908970067126,8,68.00976296463912,20.356765373171207
2024-11-05 08:52:46.982386,8,0,9.822244898964897,5,74.81914392491615,21.831432997169472
2024-11-05 09:52:46.982386,10,0,5.7897222087586995,0,76.85809088088577,17.515382425295705
2024-11-05 10:52:46.982386,8,1,23.47289970134381,9,57.738612738701605,25.210259512695444
2024-11-05 11:52:46.982386,9,1,29.706318102814567,1,35.933267138409335,27.81134548000533
2024-11-05 12:52:46.982386,9,1,23.069104611540688,3,45.811847398868764,22.564212470053565
2024-11-05 13:52:46.982386,4,1,16.737040772800015,2,61.64072942842094,16.234662643876746
2024-11-05 14:52:46.982386,6,1,28.033080510496397,3,49.88308296649868,25.566817525476566
2024-11-05 15:52:46.982386,5,0,31.930581437736386,8,44.092182453776715,20.670042160856564
2024-11-05 16:52:46.982386,5,1,29.181219741079815,7,76.17562696829367,25.38605057636022
2024-11-05 17:52:46.982386,4,1,26.185351663569463,10,48.25425251536795,27.02629114186019
2024-11-05 18:52:46.982386,8,0,9.20699398996589,8,32.73909449194116,21.67444361618318
2024-11-05 19:52:46.982386,5,1,10.528835773776095,9,62.2655045959906,18.884533980497505
2024-11-05 20:52:46.982386,1,1,10.800656229630228,0,66.18797190712479,15.306432628345222
2024-11-05 21:52:46.982386,2,1,11.66816591752351,7,74.47073093434523,19.191206914968575
2024-11-05 22:52:46.982386,5,1,30.924557913130204,9,68.7890681367498,26.299527304283785
2024-11-05 23:52:46.982386,3,1,6.828204406515122,7,79.75050852504592,16.66747987942225
2024-11-06 00:52:46.982386,3,1,26.79810436671261,4,37.093038313183364,22.421958897896285
2024-11-06 01:52:46.982386,8,0,12.800069458593537,8,66.02929233971994,23.297884563675325
2024-11-06 02:52:46.982386,7,1,31.498117600098237,10,54.740243068828065,29.556141813640657
2024-11-06 03:52:46.982386,7,0,6.357907875009511,7,68.2546884377075,23.130424176302412
2024-11-06 04:52:46.982386,2,1,23.56495722818819,7,56.42912098783369,23.749105674148986
2024-11-06 05:52:46.982386,7,1,28.282534619765126,2,43.73786892511535,27.308619709699453
2024-11-06 06:52:46.982386,4,1,16.62348028308689,9,50.275444201868424,20.00288514963514
2024-11-06 07:52:46.982386,3,0,10.165247545217646,7,52.563573491895,22.79622004362838
2024-11-06 08:52:46.982386,8,0,22.820654459862894,6,40.034456022415505,20.715744121450427
2024-11-06 09:52:46.982386,7,0,9.435319043503242,5,30.802049273645757,24.037016875274706
2024-11-06 10:52:46.982386,1,0,18.141118042181883,0,42.96084906769718,21.40970523567832
2024-11-06 11:52:46.982386,8,1,34.990926046738934,7,60.547102882960445,28.246457618430213
2024-11-06 12:52:46.982386,6,1,8.451480423480831,8,30.821660138104413,12.569138083987292
2024-11-06 13:52:46.982386,3,1,18.840584184190416,2,50.08533537860967,19.353055215392
2024-11-06 14:52:46.982386,7,0,27.484827865782876,2,61.961716079224715,19.869570354425836
2024-11-06 15:52:46.982386,2,1,33.06669666779491,7,61.15527688700041,28.131475895989645
2024-11-06 16:52:46.982386,2,1,13.66490476811636,5,60.36341568400259,17.866524359142815
2024-11-06 17:52:46.982386,9,1,20.316603744598503,2,69.30589083502176,20.922767162713846
2024-11-06 18:52:46.982386,1,0,12.893119791723844,0,41.41834291780922,19.423601842913868
2024-11-06 19:52:46.982386,8,1,15.555949505612402,7,70.15167966931455,20.983706773237845
2024-11-06 20:52:46.982386,6,0,18.818211590105378,6,53.638101599450344,19.722434710801807
2024-11-06 21:52:46.982386,10,1,9.210058247017969,0,57.758201714748836,13.819382939744775
2024-11-06 22:52:46.982386,8,1,17.944722470281206,1,46.777273889188805,22.633291755451765
2024-11-06 23:52:46.982386,2,1,30.648087647258446,8,48.84333494593105,26.173558504357448
2024-11-07 00:52:46.982386,1,0,11.525966809059835,0,77.36378968880311,18.319545592943086
2024-11-07 01:52:46.982386,10,1,7.882679228513459,0,34.51961537052056,15.41301953805926
2024-11-07 02:52:46.982386,4,1,21.771873732079204,4,73.04737044103265,22.956991386592346
2024-11-07 03:52:46.982386,4,0,33.45575376383847,5,47.92546065258031,22.397273166765178
2024-11-07 04:52:46.982386,7,0,34.52607455667574,8,62.31430813988403,23.56142727848976
2024-11-07 05:52:46.982386,10,0,16.838031634650825,0,36.607157557804705,20.38729617763193
2024-11-07 06:52:46.982386,1,0,28.41499486416698,0,53.455579624119636,20.298063159389375
2024-11-07 07:52:46.982386,4,1,31.00922182077555,6,46.49949388161844,27.434070826923453
2024-11-07 08:52:46.982386,5,0,22.572866571472296,2,69.48865169877172,19.276787325702262
2024-11-07 09:52:46.982386,1,0,16.167758539264433,0,74.78456821225117,21.82692431815991
2024-11-07 10:52:46.982386,5,0,12.088583031490941,6,33.710519504793254,20.70991577188747
2024-11-07 11:52:46.982386,9,0,28.511391324677856,8,68.61428579536339,20.24710914613202
2024-11-07 12:52:46.982386,10,0,27.170288175228798,0,47.20706896179273,22.023181808187573
2024-11-07 13:52:46.982386,6,0,13.460986709742839,4,50.426268416401,20.898742538442807
2024-11-07 14:52:46.982386,10,0,8.56024854514316,0,53.4635140743966,19.19096763593296
2024-11-07 15:52:46.982386,10,1,33.68343457817255,0,32.973531744030524,23.722618382942116
2024-11-07 16:52:46.982386,6,1,31.713909158498723,2,41.103561291238904,27.68857447309
2024-11-07 17:52:46.982386,2,1,29.600752721676496,7,43.89596443420724,26.237302965113063
2024-11-07 18:52:46.982386,10,1,30.151810580677655,0,30.95405678645485,27.473644920988725
2024-11-07 19:52:46.982386,1,1,22.969885968223878,0,36.2732717028883,20.995419623883237
2024-11-07 20:52:46.982386,7,0,27.959102262670754,8,64.64853866282333,21.792570473587404
2024-11-07 21:52:46.982386,7,1,34.95879293301874,10,70.78329500963315,32.264097004009564
2024-11-07 22:52:46.982386,9,0,13.56279570718267,10,33.62675564392244,21.10454088776264
2024-11-07 23:52:46.982386,8,1,19.23185641920861,3,61.975957915532334,20.858514979773133
2024-11-08 00:52:46.982386,7,0,5.022591761663465,10,43.17013335306278,24.464482051685582
2024-11-08 01:52:46.982386,1,1,11.357298304711298,0,64.7439207129984,17.85694201431663
2024-11-08 02:52:46.982386,8,1,34.34532168737911,7,46.29116098791517,27.149423610181675
2024-11-08 03:52:46.982386,8,1,20.918895428676286,8,35.6648614103966,21.88072258217466
2024-11-08 04:52:46.982386,3,1,16.59407557067609,1,31.168688060902586,17.7849048281431
2024-11-08 05:52:46.982386,4,1,16.268201396146637,8,55.9904101962823,20.95179320379846
2024-11-08 06:52:46.982386,3,0,5.4597927504281385,9,40.43435548310208,20.5020030284897
2024-11-08 07:52:46.982386,6,1,11.900880426430463,7,41.84736759491169,20.63234429996093
2024-11-08 08:52:46.982386,8,1,5.341879803720726,2,58.47455904471518,12.856049683460439
2024-11-08 09:52:46.982386,5,0,20.17882272101815,4,35.5603184432333,21.519215953646675
2024-11-08 10:52:46.982386,5,0,31.230317466431234,4,37.32467598108159,17.158749848301667
2024-11-08 11:52:46.982386,6,1,12.058597136074189,1,60.600657206552114,13.071824914240173
2024-11-08 12:52:46.982386,6,0,29.72572791810771,10,31.18951054541511,22.837884674406958
2024-11-08 13:52:46.982386,10,1,10.641904800199413,0,73.10168852596274,17.285639831944483
2024-11-08 14:52:46.982386,2,0,16.3263666401623,8,68.46139476482848,22.744938226622125
2024-11-08 15:52:46.982386,1,1,32.76475060286323,0,37.79379700484345,26.788632323961263
2024-11-08 16:52:46.982386,1,1,23.138071505537383,0,42.817822195541915,20.231172173530908
2024-11-08 17:52:46.982386,2,1,33.106089180119454,9,45.74730938957513,29.345144987263865
